Какие типы временной сложности алгоритмов упоминаются в главе 1?;Постоянное время, логарифмическое время, линейное время, линейно-логарифмическое время, квадратичное время, кубическое время, экспоненциальное время.
Какие темы охватывает оглавление второй части книги?;Хеш-таблицы, двоичные деревья, двоичные кучи, графы, вдохновение самоучки: Илон Маск, дальнейшие шаги.
Кто упоминается в историях успеха самоучек во введении?;Мэтт Мансон и Тианни Майерс.
Какие практические аспекты начала работы с Python описаны во введении?;Установка Python, устранение неполадок, практикумы, а также совет не бросать начатое.
Какие два вида сложности анализируются в главе 1?;Временная сложность и пространственная сложность.
Что обещает раздел «Практикум» в конце главы 1?;"В тексте указано 'Практикум' без деталей; подразумевается, что это упражнения для закрепления материала."
Каков номер страницы, с которой начинается глава о хеш-таблицах?;Страница 174.
Какие разделы содержит оглавление книги (основные части)?;Введение в алгоритмы (часть I), хеш-таблицы, двоичные деревья, двоичные кучи, графы, вдохновение самоучки, дальнейшие шаги, оглавление, об авторе, благодарности, от издательства, введение.
Когда следует использовать рекурсию?;Рекурсию следует использовать, когда задача может быть разбита на более мелкие подзадачи, аналогичные исходной, и когда решение зависит от решений этих подзадач, например, при обходе деревьев, вычислении факториалов или чисел Фибоначчи.
Когда следует использовать линейный поиск?;Линейный поиск следует использовать, когда данные не отсортированы или когда размер массива мал, так как он последовательно проверяет каждый элемент.
Когда следует использовать двоичный поиск?;Двоичный поиск следует использовать, когда данные отсортированы, так как он быстрее линейного поиска для больших массивов, деля массив пополам на каждом шаге.
Когда следует использовать пузырьковую сортировку?;Пузырьковую сортировку следует использовать для небольших наборов данных или в учебных целях, так как она проста, но неэффективна для больших массивов.
Когда следует использовать сортировку вставками?;Сортировку вставками следует использовать, когда данные почти отсортированы или когда размер массива мал, так как она эффективна для таких случаев.
Когда следует использовать сортировку слиянием?;Сортировку слиянием следует использовать, когда требуется стабильная сортировка больших массивов с гарантированной временной сложностью O(n log n).
Какие алгоритмы сортировки реализованы в Python?;В Python встроенные функции, такие как sorted() и метод list.sort(), используют алгоритм Timsort, который является гибридной сортировкой на основе сортировки слиянием и вставками.
Что такое анаграммы и как их обнаруживать?;Анаграммы — это слова, состоящие из одних и тех же букв, но в разном порядке. Для обнаружения можно отсортировать символы обоих слов и сравнить их или подсчитать частоту символов.
Что такое палиндромы и как их выявлять?;Палиндромы — это строки, которые читаются одинаково слева направо и справа налево, например, 'радар'. Выявляются сравнением строки с её перевернутой версией.
Как найти последнюю цифру числа?;Последняя цифра числа находится с помощью операции остатка от деления на 10: number % 10.
Что такое шифр Цезаря?;Шифр Цезаря — это подстановочный шифр, где каждая буква в тексте заменяется на другую, сдвинутую на фиксированное количество позиций в алфавите.
Что такое двоичный код?;Двоичный код — это система представления чисел и данных с использованием только двух цифр: 0 и 1.
Назовите основные побитовые операторы в Python.;Основные побитовые операторы: & (AND), | (OR), ^ (XOR), ~ (NOT), << (сдвиг влево), >> (сдвиг вправо).
Что такое задача FizzBuzz?;FizzBuzz — это задача, в которой для чисел от 1 до n нужно выводить 'Fizz' для чисел, кратных 3, 'Buzz' для кратных 5, 'FizzBuzz' для кратных 15, иначе само число.
Что такое наибольший общий делитель (НОД)?;НОД двух чисел — это наибольшее число, которое делит оба числа без остатка.
Что такое алгоритм Евклида?;Алгоритм Евклида — это эффективный метод нахождения НОД двух чисел, основанный на повторяющемся делении: НОД(a, b) = НОД(b, a % b) до тех пор, пока b не станет 0.
Что такое простые числа?;Простые числа — это натуральные числа больше 1, которые делятся только на 1 и на себя.
Какая тема рассматривается в практикуме на странице 110?;Вдохновение самоучки: Маргарет Гамильтон
Какая глава начинается на странице 113?;II Структуры данных
Что такое структуры данных?;Тема главы, начинающейся на странице 114
Что рассматривается на странице 119?;Массивы
Какие темы связаны с массивами?;Производительность массива, создание массива, перемещение нулей, объединение двух списков, поиск дубликатов в списке, поиск области пересечения двух списков
Какая глава начинается на странице 134?;10 Связные списки
Какие операции со связными списками рассматриваются?;Производительность связных списков, создание, поиск, удаление узла, реверсия, поиск цикла
Какая глава начинается на странице 147?;11 Стеки
Когда использовать стеки?;Тема, рассматриваемая на странице 148
Какие задачи решаются с помощью стеков?;Реверсирование строк, минимальный стек, помещенные в стек скобки
Какая глава начинается на странице 162?;12 Очереди
"Что рассматривается в главе ""Очереди""?";Когда использовать очереди, создание очереди, встроенный класс Queue, создание очереди с помощью двух стеков
Какие темы рассматриваются в разделах про хеш-таблицы?;Когда использовать хеш-таблицы, символы в строке, сумма двух, словарь терминов, практикум.
Какие темы входят в раздел о двоичных деревьях?;Когда использовать деревья, создаем двоичное дерево, обход дерева в ширину, другие обходы дерева, инвертируем двоичное дерево, словарь терминов, практикум.
Какие темы описаны в разделе о двоичных кучах?;Когда использовать кучи, создаем кучу, соединяем канаты с минимальными затратами, словарь терминов, практикум.
Какие темы входят в раздел о графах?;Когда использовать графы, создаем граф, алгоритм Дейкстры, словарь терминов, практикум.
Какие главы посвящены карьерным советам и дальнейшим шагам?;Вдохновение самоучки: Илон Маск, дальнейшие шаги (что дальше, карьера фрилансера, как попасть на собеседование, как подготовиться к техническому интервью, дополнительные источники, заключительные размышления).
Кому посвящена книга?;Книга посвящена жене Бобби и дочери Луке.
Кто автор книги и какая его первая книга?;Автор — Кори Альтхофф, писатель, программист и лектор. Его первая книга — The Self-Taught Programmer («Программист-самоучка»), переведенная на семь языков.
Что вошло в обиход после публикации книги Кори Альтхоффа?;Понятие программист-самоучка.
Какая организация назвала книгу 'The Self-Taught Programmer' одной из величайших книг по программированию всех времен?;Book Authority.
Сколько разработчиков состоит в сообществе программистов-самоучек, собранном Кори Альтхоффом?;Более 200 тысяч.
Какую степень получил Кори Альтхофф в колледже?;Степень в области политологии.
Какой первый язык программирования часто предлагают изучать в учебных заведениях?;Java.
Какой язык программирования Кори решил изучить самостоятельно вместо Java?;Python.
Какое онлайн-сообщество помогло Кори сохранить мотивацию?;Stack Overflow.
В какой компании Кори получил должность разработчика программного обеспечения?;eBay.
Сколько лет Ханну Парвиайнен имеет опыта программирования на Python?;Более 20 лет.
Как переводится название книги 'The Self-Taught Programmer' на русский язык?;Сам себе программист.
О чем книга 'Программист-самоучка'?;Книга содержит основы программирования и опыт автора как инженера-программиста, помогая другим пройти путь самообучения.
Какая проблема побудила автора создать группу Self-Taught Programmers?;Проблема одиночества, с которой он столкнулся во время обучения программированию.
Что автор рекомендует делать тем, кто не умеет программировать на Python?;Обратиться к первой книге The Self-Taught Programmer, пройти курс на Udemy или выучить Python другим способом.
Какие две темы важны для программиста-самоучки по мнению автора?;Структуры данных и алгоритмы.
Что такое computer science?;Дисциплина, изучающая компьютеры и их работу.
Какое мнение автор высказывает о необходимости изучения computer science для программистов?;Автор считает, что изучение computer science необходимо для успешного программирования, так как понимание принципов работы компьютеров позволяет эффективно писать код и проходить технические собеседования.
Почему, по мнению автора, технические собеседования в топовых компаниях сосредоточены на computer science?;Технические собеседования сосредоточены на computer science, особенно на структурах данных и алгоритмах, потому что работодатели хотят оценить глубокие знания кандидата в этих областях.
Какой пример из личного опыта автор приводит, чтобы подчеркнуть важность изучения computer science?;Автор описывает свою первую работу в eBay, где он оказался в команде программистов из престижных университетов и чувствовал себя неуверенно из-за недостатка знаний в computer science.
Как изучение структур данных и алгоритмов помогает улучшить навыки разработчика?;Изучение структур данных и алгоритмов позволяет немедленно оценить качество работы, сравнивая свой код с известными алгоритмами, что обеспечивает положительную обратную связь и улучшает навыки программирования.
Какую главную ошибку автор совершил как программист-самоучка?;Автор попытался войти в индустрию программного обеспечения, не уделив достаточного внимания изучению структур данных и алгоритмов, что сделало его путь более сложным.
Для кого предназначена эта книга, согласно автору?;Книга предназначена для самоучек, но также полезна для студентов колледжей, которые могут использовать её для углубления знаний за пределами учебной программы.
Какой совет автор дает студентам, изучающим информатику в колледже?;Автор советует студентам оставаться в колледже, продолжая учиться и выходить за пределы учебных программ, руководствуясь девизом «Всегда учиться!».
Что необходимо для успешной карьеры инженера-программиста, по мнению автора?;Для успешной карьеры необходимо иметь прочную базу в computer science, особенно в структурах данных и алгоритмах, что позволит проходить технические собеседования и чувствовать себя уверенно среди коллег с профильным образованием.
Для кого написана эта книга?;Для каждого, кто хочет узнать больше о computer science, независимо от цели: заполнить пробелы в знаниях, подготовиться к техническому интервью или стать лучше как программист.
Можно ли построить успешную карьеру программиста без диплома?;Да, можно, как подтверждают истории успеха самоучек, с которыми автор делится в книге.
Кто такой Мэтт Мансон?;Член группы Self-Taught Programmers на Facebook, который потерял работу и жилье, но благодаря упорству и самообучению стал программистом.
Как Мэтт Мансон оказался без жилья?;Он потерял работу в финансово-технологической компании, затем подрабатывал разными способами, но через несколько месяцев лишился жилья.
Что делал Мэтт после потери жилья?;Продолжал учиться в колледже, живя в машине и палатке, затем продал фургон и переехал в Остин, штат Техас.
Как Мэтт получил работу программиста?;"Он разослал резюме, и небольшая стартап-компания пригласила его на собеседование; директор был впечатлен его искренностью и дал шанс."
Что сказал директор компании про Мэтта на собеседовании?;Он сказал, что у Мэтта приличная база, и он напоминает ему прочный, но относительно пустой ящик, справится с нагрузкой, а научится во время работы.
Чего достиг Мэтт через год после получения работы?;Он жил в комфортной квартире, его уважали коллеги и интересовались его мнением по важным вопросам компании.
Кто такой Тианни Майерс?;Читатель книги The Self-Taught Programmer, который самостоятельно освоил профессию и стал младшим веб-разработчиком за 12 месяцев.
Как Тианни начал свой путь самоучки?;С лекций по веб-дизайну в колледже, затем изучил основы HTML и CSS в Code Academy и написал первую программу на Python — игру с числами.
Сколько часов в день автор посвящал чтению книг по программированию и написанию кода в возрасте 21 года?;0 часов в день.
Какую работу автор выполнял, чтобы сводить концы с концами в 21 год?;Работал на полставки в Goodwill.
Что автор использовал как инструмент для творчества?;Языки программирования.
Какие этапы прошел автор при найме на работу?;Ответил на вопросы SQL-ассесмента на Indeed, прошел телефонное собеседование, ассесмент по коду и очное собеседование.
Кто просматривал ответы автора во время код-ассесмента?;Директор по веб-разработке и два senior-разработчика.
Как автор охарактеризовал свою уверенность на собеседовании?;Чувствовал себя достаточно уверенно, так как они были поражены его ответами и приятно удивлены, что он самоучка.
Через какое время после собеседования автора наняли?;Две недели спустя.
Какой язык программирования используется для примеров в книге?;Python.
Почему автор выбрал Python для примеров в книге?;Так как он один из самых простых для чтения.
Что обозначают строки вида #http://tinyurl.com/h4qntgk в книге?;URL-адрес, который открывает веб-страницу с соответствующим кодом.
Что означает текст после >> в примерах кода?;Вывод интерактивной оболочки Python.
Что обозначает многоточие после вывода (...) в примерах?;И так далее.
Какую версию Python необходимо установить для работы с примерами из книги?;Python версии 3.
Где можно загрузить Python для Windows или Unix?;По ссылке http://python.org/downloads.
Какая операционная система имеет Python 3 по умолчанию?;Ubuntu.
Почему важно загрузить Python 3, а не Python 2?;Некоторые примеры в книге не будут работать с Python 2.
Для каких разрядностей доступен Python?;Для 32-битных и 64-битных компьютеров.
Что делать при возникновении сложностей с установкой Python?;Написать сообщение в группу Self-Taught Programmers в Facebook.
Как рекомендуется размещать код при просьбе о помощи в интернете?;Поместить его в GitHub Gist, никогда не присылать скриншоты кода.
Для чего предназначены практикумы в конце глав?;Чтобы проверить понимание материала, улучшить навыки и помочь подготовиться к техническому интервью.
Где найти решения предложенных задач в книге?;На GitHub по ссылке https://github.com/calthoff/tstcs_challenge_solutions.
Какой тег рекомендуется использовать в Twitter для обсуждения успехов?;#selftaughtcoder.
Кто изобрел методику продуктивности «Не разрывай цепь»?;Джерри Сайнфелд.
Для чего использовалась методика «Не разрывай цепь» Джерри Сайнфелдом?;Для оттачивания своего первого стендап-выступления.
Какой метод мотивации описывается в тексте?;Метод «Не разрывай цепь» (зеленые галочки в календаре).
Что такое алгоритм?;Последовательность шагов, которая решает задачу.
Какие четыре характеристики алгоритма описаны в тексте?;Определенность, эффективность, конечность, правильность.
Что означает определенность алгоритма?;Шаги четкие, лаконичные и недвусмысленные.
Что означает эффективность алгоритма?;Каждую операцию можно выполнить точно для решения задачи.
Что означает конечность алгоритма?;Алгоритм останавливается после определенного количества шагов.
Что означает правильность алгоритма?;Алгоритм всегда выдает один и тот же результат для заданных входных данных, и результат правильный.
Приведите пример исключения из правила правильности алгоритма.;Генератор случайных чисел, где цель — случайность, а не детерминированный вывод.
Какой еще пример нестрогого соблюдения правильности упоминается?;Алгоритмы в data science, которые могут лишь предполагать вывод с известной неопределенностью.
Как оценить алгоритм одним из способов?;Один из способов оценить алгоритм — обратить внимание на время его выполнения.
Что такое время выполнения алгоритма?;Время выполнения алгоритма — это количество необходимого вашему компьютеру времени, чтобы выполнить алгоритм, написанный на языке программирования.
Какой модуль Python используется для измерения времени выполнения алгоритма?;Модуль time.
Почему время выполнения одного и того же алгоритма может меняться при повторных запусках?;Потому что доступная производительность компьютера в процессе выполнения программы меняется.
Влияет ли язык программирования на время выполнения алгоритма?;Да, время выполнения может быть короче на быстрых языках, таких как C, по сравнению с Python.
Почему оценка времени выполнения неэффективна для сравнения алгоритмов?;Потому что на время выполнения влияют множество переменных, включая вычислительные мощности компьютера и язык программирования.
Как специалисты в области информатики сравнивают алгоритмы вместо времени выполнения?;Они сравнивают алгоритмы по количеству шагов, которые требуются для их выполнения.
Что такое размер задачи в контексте алгоритма?;Переменная n в уравнении, описывающем количество шагов в алгоритме, называется размером задачи.
Что важно знать программисту о поведении алгоритма при увеличении размера задачи?;Важно знать, как алгоритм поведет себя при увеличении переменной n, так как большинство алгоритмов хорошо работают с малым объемом данных, но могут не справиться с большим.
Какое уравнение описывает количество шагов для программы, выводящей числа от 1 до n и суммирующей их?;f(n) = 1 + 2n, где 1 представляет шаг присваивания count = 0, а 2n — вывод и инкремент для каждого числа.
Что такое нотация «O большое»?;Нотация «O большое» — это математическое обозначение, описывающее, как по мере роста n возрастают требования алгоритма к времени и объему памяти.
Почему при анализе алгоритма игнорируются менее значимые части уравнения T(n)?;По мере роста n часть алгоритма, которая растет быстрее, затмевает остальные, делая их неактуальными для оценки эффективности.
Что такое порядок величины в контексте нотации «O большое»?;"Порядок величины — это тип объекта в системе классификации, где каждый тип во много раз больше или меньше предыдущего; для алгоритма это преобладающая часть T(n)."
Перечислите общепринятые классификации порядка величины от наиболее эффективного к наименее эффективному.;Постоянное время, логарифмическое время, линейное время, линейно-логарифмическое время, квадратичное время, кубическое время, экспоненциальное время.
Что такое временная сложность алгоритма?;Временная сложность — это максимальное количество шагов, требующихся алгоритму для завершения по мере увеличения n.
Что означает постоянное время O(1)?;Алгоритм выполняется за постоянное время, если ему требуется одно и то же количество шагов независимо от объема задачи, например, T(n) = 1.
Почему для алгоритма с T(n) = n + n^3 доминирующей является часть n^3?;При больших n (например, n=1000) n^3 = 1 миллиард, что значительно превосходит n, поэтому первая часть становится неактуальной.
Как преобразуются n вложенных циклов for в выражение T(n)?;Два вложенных цикла дают n^2, три — n^3, и так далее, потому что каждый уровень добавляет множитель n.
Приведите пример алгоритма с постоянным временем из текста.;free_books = customers[0] — алгоритму требуется один шаг независимо от количества покупателей.
Как выглядит график зависимости шагов от n для постоянной временной сложности?;Линия на графике ровная, количество шагов не увеличивается с ростом объема (ось X — количество покупателей, ось Y — количество шагов).
Какая временная сложность является второй по эффективности?;Логарифмическое время (O(log n)).
Как в нотации «О большое» выражается логарифмический алгоритм?;O(log n).
Как растет время выполнения логарифмического алгоритма при увеличении размера данных?;Количество шагов растет пропорционально логарифму размера входных данных, медленно.
Что такое линейное время?;Алгоритм выполняется за линейное время, когда его время выполнения растет пропорционально размеру задачи (O(n)).
Приведите пример линейного алгоритма из текста.;Поиск покупателя с именем, начинающимся на 'B', перебором всего списка.
Как в нотации «О большое» выражается линейный алгоритм?;O(n).
Что такое линейно-логарифмическое время?;Алгоритм растет как произведение логарифмической и линейной сложностей: O(n log n).
Приведите пример линейно-логарифмического алгоритма из текста.;Большинство эффективных алгоритмов сортировки, такие как сортировка слиянием.
Что такое квадратичное время?;Алгоритм выполняется за квадратичное время, когда его производительность прямо пропорциональна квадрату размера задачи: O(n^2).
Приведите пример квадратичного алгоритма из текста.;Умножение каждого элемента списка на каждый другой с двумя вложенными циклами.
Как выглядит уравнение временной сложности для квадратичного примера с двумя вложенными циклами?;f(n) = 1 + 2 * n^2, в нотации O(n) = n^2.
Какие алгоритмы сортировки упоминаются как выполняющиеся за квадратичное время?;Сортировка методом вставок и пузырьковая сортировка.
Как растет количество шагов в квадратичном алгоритме по мере увеличения размера задачи?;Количество шагов резко увеличивается пропорционально квадрату размера задачи.
Какое время выполнения алгоритма обозначается как O(n^3)?;Кубическое время.
Как записывается кубическая сложность в нотации «О большое»?;O(n) = n^3.
Сколько вложенных циклов характеризует алгоритм с кубической временной сложностью?;Три вложенных цикла.
Что такое экспоненциальная временная сложность в нотации «О большое»?;O(c^n), где c — константа, а n — размер задачи.
Примером какой сложности является проверка всех возможных комбинаций числового пароля?;Экспоненциальной сложности O(10^n).
Что такое сложность алгоритма в лучшем случае?;Как алгоритм работает с идеальными входными данными.
Что такое сложность алгоритма в худшем случае?;Работа алгоритма в наихудшем из всех возможных сценариев.
Что такое средняя сложность алгоритма?;Как алгоритм работает в среднем.
Что такое пространственная сложность алгоритма?;Пространственная сложность — это объем необходимой алгоритму памяти, включающий фиксированное пространство, пространство структуры данных и временное пространство.
Какие три компонента включает пространственная сложность?;Фиксированное пространство (объем памяти, требуемый программе), пространство структуры данных (объем памяти для хранения набора данных) и временное пространство (объем памяти для промежуточной обработки).
Приведите пример алгоритма с постоянной пространственной сложностью O(1).;"Вычисление факториала n с использованием цикла: x = 1; n = 5; for i in range(1, n + 1): x = x * i. Память не увеличивается с ростом n."
Приведите пример алгоритма с линейной пространственной сложностью O(n).;"Сохранение всех факториалов до n в списке: x = 1; n = 5; a_list = []; for i in range(1, n + 1): a_list.append(x); x = x * i. Объем памяти растет линейно с n."
Почему важно понимать порядки величины при оптимизации алгоритмов?;Чтобы улучшить алгоритм, нужно сосредоточиться на изменении порядка величины (например, с O(n^2) на O(n)), а не на мелких оптимизациях внутри циклов, так как это значительно сильнее влияет на производительность.
Какой пример влияния выбора алгоритма на реальный мир приведен в тексте?;Выбор между константным и квадратичным алгоритмом для ответов на интернет-запросы может повлиять на время загрузки сайта: менее секунды или более минуты, что может привести к потере клиентов.
Что такое нотация «О большое»?;Математическое обозначение того, как возрастают требования алгоритма к времени или объему памяти по мере роста n (объема задачи).
Что означает постоянное время в контексте временной сложности?;Алгоритм выполняется за постоянное время, когда ему требуется одно и то же количество шагов, вне зависимости от объема задачи.
Что означает логарифмическое время?;Алгоритм выполняется за логарифмическое время, когда время выполнения растет пропорционально логарифму размера входных данных.
Что означает линейное время?;Алгоритм выполняется за линейное время, которое растет пропорционально размеру входных данных.
Что такое линейно-логарифмическое время?;Алгоритм выполняется за линейно-логарифмическое время, если его время растет как сочетание (умножение) логарифмических и линейных временных сложностей.
Что такое квадратичное время?;Алгоритм выполняется за квадратичное время, когда производительность алгоритма прямо пропорциональна размеру задачи в квадрате.
Что такое кубическое время?;Алгоритм выполняется за кубическое время, когда производительность алгоритма прямо пропорциональна размеру задачи в кубе.
Что такое полиномиальное время?;Алгоритм выполняется за полиномиальное время, которое вычисляется как O(n^a), где a = 2 для квадратичного времени и a = 3 для кубического времени.
Что такое экспоненциальное время?;Алгоритм выполняется за экспоненциальное время, когда содержит константу, увеличенную до размеров задачи.
Что такое алгоритм полного перебора?;Это тип алгоритма с проверкой всех возможных вариантов.
Что такое сложность в лучшем случае?;Это то, как алгоритм работает с идеальными входными данными.
Что такое сложность в худшем случае?;Это то, как алгоритм работает в наихудшем из всех возможных сценариев.
Что такое средняя сложность?;Это то, как алгоритм работает в среднем.
Что такое пространственная сложность?;Это объем памяти, который требуется алгоритму.
Что такое фиксированное пространство?;Это объем памяти, необходимый программе.
Что такое пространство структуры данных?;Это объем памяти, нужный для хранения набора данных.
Что такое временное пространство?;Это объем памяти, который требуется алгоритму для промежуточной обработки, например, в случае временного копирования списка для переноса данных.
Что такое итеративный алгоритм?;Решает задачи повтором шагов снова и снова, используя, как правило, цикл.
Что такое рекурсия?;Это метод решения задачи, когда вы решаете более мелкие экземпляры задачи, пока не придете к решению. Рекурсивные алгоритмы опираются на функции, вызывающие сами себя.
Какие три закона рекурсии?;1. У рекурсивного алгоритма должны быть как минимум одна рекурсивная и одна терминальная ветвь. 2. Рекурсивный алгоритм должен менять свое состояние и стремиться к терминальной ветви. 3. Рекурсивный алгоритм должен вызывать себя рекурсивно.
Что такое терминальная ветвь в рекурсии?;Это условие, которое завершает рекурсивный алгоритм, останавливая его навсегда.
Что такое факториал числа?;Это произведение всех положительных целых чисел, меньших или равных числу. Например, факториал числа 5 равен 5 × 4 × 3 × 2 × 1.
Как работает рекурсивная функция factorial?;Функция вызывает саму себя с аргументом n-1 до тех пор, пока n не станет равным 0. Каждый вызов помещает выражение в стек. При достижении терминальной ветви (n=0) возвращается 1, затем стек разворачивается, вычисляя произведения.
Что такое терминальная ветвь в рекурсии?;Это условие, при котором функция прекращает вызывать саму себя и возвращает конкретное значение. В примере с factorial: if n == 0: return 1.
Как Python обрабатывает рекурсивные вызовы?;Python помещает каждое выражение возврата в стек вызовов. Когда достигается терминальная ветвь, значения начинают вычисляться с вершины стека, постепенно разворачиваясь до начального вызова.
Каковы преимущества и недостатки рекурсии перед итерацией?;Преимущество: изящность и часто более короткий код. Недостатки: занимает больше памяти из-за стека вызовов и может быть сложнее для чтения и отладки.
Что такое стек вызовов?;Это структура данных, в которой элементы добавляются и удаляются в порядке LIFO (последним пришел — первым вышел). В рекурсии используется для хранения незавершенных вызовов функций.
Приведите пример рекурсивного кода для вычисления факториала.;"def factorial(n):
    if n == 0:
        return 1
    return n * factorial(n - 1)"
Почему рекурсия может использовать больше памяти?;Каждый рекурсивный вызов сохраняет данные в стеке, и пока вызов не завершен, эти данные остаются в памяти. Для глубокой рекурсии это может привести к переполнению стека.
Что такое итеративный алгоритм?;Алгоритм, решающий задачи повтором шагов снова и снова, обычно с помощью цикла.
Что такое рекурсия?;Метод решения задачи, при котором результат зависит от решений меньших экземпляров одной и той же задачи.
Что такое терминальная ветвь в рекурсии?;Условие, при котором рекурсивный алгоритм завершается, чтобы он не продолжался вечно.
Что такое факториал числа n?;Произведение всех положительных целых чисел, меньших или равных n.
Что такое поисковый алгоритм?;Алгоритм, который находит определенные данные в наборе данных.
Что такое набор данных?;Совокупность собранной информации.
Назовите два наиболее распространенных примера поисковых алгоритмов.;Линейный поиск и двоичный поиск.
Как работает линейный поиск?;Перебирает каждый элемент в наборе данных и сопоставляет его с целевым числом. Если найдено совпадение, возвращается True, иначе False.
Какова временная сложность линейного поиска в худшем случае?;O(n), где n — количество элементов.
Какова временная сложность линейного поиска в лучшем случае?;O(1), если искомый элемент первый в списке.
Когда следует использовать линейный поиск?;Когда данные не отсортированы.
Что такое отсортированные данные?;Данные, упорядоченные определенным образом, например по возрастанию или убыванию.
Какое ключевое слово в Python позволяет выполнить линейный поиск в списке?;in
Какие два аргумента принимает функция binary_search?;a_list и n (искомое число)
Для каких данных можно применять двоичный поиск?;Только для отсортированных данных
Какой оператор используется для целочисленного деления в Python и что он делает?;"//; возвращает целое значение результата деления, округляя в меньшую сторону"
Сколько шагов потребовалось для поиска числа 19 в отсортированном списке из 7 элементов с помощью двоичного поиска?;Три шага
Сколько шагов потребовалось бы для поиска числа 19 в том же списке с помощью линейного поиска?;Семь шагов
Как в двоичном поиске определяется средняя точка списка?;Складываются first и last, результат делится на 2 с использованием целочисленного деления (//)
Что означает условие 'while last >= first' в алгоритме двоичного поиска?;Цикл продолжается, пока в списке еще есть элементы для поиска
Что происходит в двоичном поиске, если искомое число меньше среднего значения?;Переменной last присваивается значение mid - 1, исключая верхнюю половину списка
Что происходит в двоичном поиске, если искомое число больше среднего значения?;Переменной first присваивается значение mid + 1, исключая нижнюю половину списка
Какой результат возвращает функция binary_search, если искомое число найдено?;True
Какой результат возвращает функция binary_search, если искомое число не найдено?;False
Как вычислить среднюю точку (mid) в двоичном поиске на Python?;mid = (first + last) // 2
Что возвращает функция двоичного поиска, если число не найдено?;return False
Какова временная сложность двоичного поиска?;O(log n)
Сколько шагов требуется для линейного поиска в списке из миллиона чисел?;Миллион шагов
Сколько шагов требуется для двоичного поиска в списке из миллиона чисел?;20 шагов
Что такое логарифм?;Логарифм — это показатель степени, в которую нужно возвести основание, чтобы получить искомое число.
Чему равен log₂(8)?;3
Сколько итераций требуется двоичному поиску для списка из 100 элементов в наихудшем случае?;7 итераций
Почему основание логарифма не важно в нотации «О большое»?;Потому что его можно изменить, умножив логарифм на константу.
Какой модуль Python следует использовать для двоичного поиска?;Модуль bisect, функция bisect_left
Как импортировать bisect_left?;from bisect import bisect_left
Что возвращает bisect_left, если элемент найден?;Индекс существующего элемента в отсортированном списке.
Что возвращает bisect_left, если элемента нет в списке?;Индекс, на котором элемент мог бы находиться.
Как проверить, содержится ли элемент в отсортированной последовательности с помощью bisect_left?;Используйте bisect_left для поиска индекса, затем проверьте, что индекс в пределах последовательности и элемент по этому индексу равен искомому.
Какой код на Python реализует двоичный поиск с помощью bisect_left?;"from bisect import bisect_left
def binary_search(an_iterable, target):
    index = bisect_left(an_iterable, target)
    if index <= len(an_iterable) and an_iterable[index] == target:
        return True
    return False"
Что такое набор символов (character set)?;Это таблица сопоставления символов с двоичными числами.
Что такое ASCII и какой размер он имеет?;ASCII — Американская стандартная кодировочная таблица, использующая семибитовые числа, максимум 128 символов.
Какое десятичное значение ASCII для буквы 'A'?;65
Какое двоичное значение ASCII для 'b'?;01100010
Сколько символов может содержать расширенный 8-битный ASCII?;256 символов
Какую проблему решает таблица символов Юникод (Unicode)?;Таблица ASCII может выразить только 256 символов, что недостаточно для обработки текстов других систем письма, таких как японская или китайская. Юникод решает эту проблему, предоставляя таблицу с гораздо большим количеством символов.
Что такое кодирование символов?;Кодирование символов означает присвоение символу числа для цифрового представления.
Что такое UTF-8?;UTF-8 — один из методов кодирования символов, который используют программисты для реализации таблицы символов Юникода. Он использует до 32 бит для кодирования каждого символа.
Сколько бит использует UTF-8 для кодирования символов?;UTF-8 использует до 32 бит для кодирования каждого символа.
Сколько символов может представить UTF-8?;UTF-8 может представить более миллиона символов.
Совместима ли UTF-8 с ASCII?;Да, система UTF-8 совместима с ASCII, потому что использует то же самое битовое представление для латинского алфавита.
Какая функция в Python используется для получения значения символа ASCII?;Функция ord().
Что выведет код: print(ord('a'))?;97
Для чего может быть полезна функция ord()?;Функция ord() может быть полезна, если вы хотите работать непосредственно с базовыми ASCII-кодами различных символов.
Как можно адаптировать бинарный поиск для поиска символов?;Нужно получить и сравнить значения символов ASCII. Во время прохождения цикла проверять, является ли ASCII-код каждого символа выше, ниже или равным искомому ASCII-коду.
Когда следует использовать линейный и двоичный поиски?;Текст не даёт конкретных ответов, но упоминает, что теперь вы знаете, как они работают и в каких случаях их следует использовать.
Какой способ поиска считается самым эффективным согласно тексту?;Поиск при помощи хеш-таблиц, о котором будет рассказано во второй части книги.
Что такое поисковый алгоритм?;Алгоритм, который ищет данные в наборе данных.
Что такое набор данных?;Совокупность собранной информации.
Что такое линейный поиск?;Поисковый алгоритм, который перебирает все элементы в наборе данных и сопоставляет каждый с целевым.
Что такое отсортированные данные?;Данные, упорядоченные определённым образом.
Что такое двоичный поиск?;Ещё один алгоритм для поиска в списке чисел, более быстрый по сравнению с линейным.
Что такое оператор целочисленного деления?;Оператор, который возвращает целое значение результата деления, округляя его в меньшую сторону.
Что такое возведение в степень?;Математическая операция b^n (или b**n на языке Python), которая состоит в умножении числа b на само себя n раз.
Что такое основание в уравнении возведения в степень?;Основание — это b в уравнении возведения в степень (b^n).
Что такое степень в уравнении возведения в степень?;Степень — это n в уравнении возведения в степень (b^n).
Что такое логарифм?;Показатель степени, в которую нужно возвести основание, чтобы получить искомое число.
Что такое набор символов?;Таблица сопоставления символов с двоичными числами.
Что такое ASCII?;Американская стандартная кодировочная таблица символов для обмена информацией.
Что такое сортировка данных?;Упорядочение данных определённым образом.
Какие виды сортировки упоминаются в тексте?;Пузырьковая сортировка, сортировка вставками и сортировка слиянием. Также упоминаются быстрая сортировка, сортировка Шелла и пирамидальная сортировка.
Что следует использовать для сортировки в реальных задачах программирования?;Встроенную функцию сортировки в вашем языке программирования.
Почему в современных языках программирования, таких как Python, редко используют классические алгоритмы сортировки?;Потому что в них есть встроенные функции сортировки, работающие быстрее.
Какую пользу приносит изучение классических алгоритмов сортировки?;Помогает лучше разобраться с временной сложностью и знакомит с важными концепциями, полезными для решения других задач.
Что такое пузырьковая сортировка?;Алгоритм сортировки, при котором перебирают список, сравнивая каждое число с последующим, и переставляют их, если они не по порядку.
Почему этот алгоритм называется пузырьковой сортировкой?;Потому что наибольшие числа «всплывают» в конец списка, а наименьшие перемещаются в начало.
Что происходит с наибольшим числом за первую итерацию пузырьковой сортировки?;Оно перемещается в конец списка.
Что произойдет, если наименьшее число стоит в конце списка при пузырьковой сортировке?;Алгоритму потребуется много проходов, чтобы переместить его в начало.
Приведите пример списка для пузырьковой сортировки из текста.;[32, 1, 9, 6]
Какой код на Python выполняет пузырьковую сортировку?;"def bubble_sort(a_list):
    list_length = len(a_list) - 1
    for i in range(list_length):
        for j in range(list_length):
            if a_list[j] > a_list[j + 1]:
                a_list[j], a_list[j + 1] = a_list[j + 1], a_list[j]
    return a_list"
Какую роль выполняет внешний цикл в пузырьковой сортировке?;Запускает внутренний цикл заново, пока список не будет отсортирован.
Как можно улучшить эффективность пузырьковой сортировки?;Добавить -i во второй цикл for, чтобы не сравнивать уже отсортированные элементы в конце.
Почему при пузырьковой сортировке после каждой итерации внутреннего цикла можно завершать цикл раньше?;Потому что наибольшее число всплывает в конец списка, и его больше не нужно сравнивать с другими числами. После первой итерации наибольшее число находится в конце, после второй — второе по величине на предпоследнем месте и т.д.
Как сделать пузырьковую сортировку ещё более эффективной с помощью переменной?;Добавить переменную no_swaps (например, True), которая устанавливается в False, если во внутреннем цикле была перестановка. Если после полного прохода внутреннего цикла no_swaps остаётся True, список уже отсортирован, и сортировку можно завершить досрочно.
Какая временная сложность пузырьковой сортировки в худшем случае?;O(n²), так как алгоритм использует два вложенных цикла for.
Что означает 'устойчивая сортировка'?;"Устойчивая сортировка — это сортировка, которая не нарушает последовательность элементов с одинаковыми ключами; они сохраняют свой первоначальный порядок."
Приведите пример устойчивой сортировки строк по первому символу из текста.;Исходный список: [Акита, Медведь, Тигр, Альбатрос]. После устойчивой сортировки по первому символу: [Акита, Альбатрос, Медведь, Тигр] — порядок слов на 'А' сохранён (Акита перед Альбатросом).
Что такое сортировка вставками и как она работает?;Сортировка вставками — алгоритм, при котором список делится на отсортированную левую часть и неотсортированную правую. Каждый элемент из правой части вставляется в правильную позицию в левой части, подобно тому как сортируют игральные карты.
Что такое сортировка вставками?;Алгоритм сортировки, который строит отсортированный список, последовательно вставляя каждый элемент из неотсортированной части в правильную позицию в отсортированной левой части.
Какой код на Python реализует сортировку вставками?;"def insertion_sort(a_list):
    for i in range(1, len(a_list)):
        value = a_list[i]
        while i > 0 and a_list[i - 1] > value:
            a_list[i] = a_list[i - 1]
            i = i - 1
        a_list[i] = value
    return a_list"
С чего начинается цикл for в сортировке вставками?;Цикл for начинается со второго элемента списка (индекс 1).
Что хранится в переменной value в сортировке вставками?;Текущее число (элемент), который нужно вставить в отсортированную левую часть списка.
Какие условия выполняются в цикле while при сортировке вставками?;while i > 0 and a_list[i - 1] > value: т.е. i должно быть больше 0 и предыдущий элемент должен быть больше текущего.
Что делает программа внутри цикла while?;Перемещает большее значение вправо: a_list[i] = a_list[i - 1], затем уменьшает i на 1.
Что происходит после завершения цикла while?;Значение value помещается на правильную позицию: a_list[i] = value.
Как сортировка вставками обрабатывает почти отсортированный список?;Второй цикл (while) запускается только при неправильном порядке, поэтому для почти отсортированного списка требуется мало шагов (линейное время O(n)).
Какая временная сложность сортировки вставками в среднем?;O(n^2) в худшем случае, но O(n) когда данные почти отсортированы.
Почему при i = 0 цикл while не выполняется?;Потому что условие i > 0 не выполняется — нет предшествующего элемента для сравнения.
Какой результат сортировки вставками для списка [6, 5, 8, 2] после первой итерации?;[5, 6, 8, 2] — первые два элемента отсортированы.
Когда программисты используют сортировку вставками в реальных приложениях?;Когда данные почти отсортированы, так как в этом случае она эффективна (линейное время).
Что такое сортировка слиянием?;Это алгоритм рекурсивной сортировки, который постоянно делит список пополам, пока не останутся списки из одного элемента, а затем объединяет их в правильном порядке.
Как работает первая часть сортировки слиянием?;Используется рекурсия, чтобы постоянно разбивать список пополам, пока исходный список не превратится в подсписки, содержащие только одно число.
Почему списки из одного элемента считаются отсортированными?;Списки из одного элемента отсортированы по умолчанию.
Как объединяются два отсортированных подсписка?;Сравниваются первые элементы каждого списка, наименьший помещается в начало нового объединенного списка, затем процесс повторяется с оставшимися элементами.
Приведите пример объединения списков [3, 6] и [2, 9].;"Сравниваются 3 и 2: 2 меньше, объединенный список становится [2]; затем сравниваются 3 и 9: 3 меньше, список [2, 3]; затем 6 и 9: 6 меньше, список [2, 3, 6]; затем добавляется 9, итог [2, 3, 6, 9]."
Что делает функция merge_sort в начале?;Проверяет, больше ли длина списка 1, и если да, находит середину, делит список на левую и правую половины, рекурсивно сортирует их.
Как в коде задается середина списка?;mid = len(a_list) // 2
Какие переменные создаются при первом вызове merge_sort для списка [6, 3, 9, 2]?;a_list = [6, 3, 9, 2], left_half = [6, 3], right_half = [9, 2]
Что происходит при рекурсивном вызове merge_sort(left_half) для списка [6, 3]?;Создаются новые переменные: a_list = [6, 3], left_half = [6], right_half = [3].
Почему рекурсия останавливается, когда left_half равна [6]?;Потому что условие len(a_list) > 1 не выполняется (длина равна 1).
Что такое терминальная ветвь в рекурсии merge_sort?;Когда длина списка равна 1, дальнейшая рекурсия прекращается.
Как рекурсия влияет на исходный список?;Рекурсивные вызовы изменяют тот же список, на который ссылается переменная, что позволяет отсортировать его на месте.
Какой алгоритм иллюстрирует сортировка слиянием?;Сортировка слиянием — пример алгоритма «разделяй и властвуй».
Что делает код 'while left_ind < len(left_half) and right_ind < len(right_half):'?;Сравнивает каждый первый элемент left_half с каждым первым элементом right_half и помещает наименьшее число на правильную позицию в a_list.
Что происходит, когда left_ind или right_ind достигает длины своего списка в цикле слияния?;Дальнейшие циклы while добавляют оставшиеся элементы из другого списка в a_list.
Какие три переменные инициализируются нулём в начале кода слияния?;left_ind, right_ind, alist_ind.
Почему в рекурсивной сортировке слиянием изменение a_list во втором вызове влияет на left_half в первом?;Потому что a_list во втором вызове ссылается на ту же область памяти, что и left_half в первом вызове.
Что происходит после того, как right_half отсортирована в первом вызове функции?;Алгоритм объединяет уже отсортированные left_half и right_half, чтобы получить итоговый отсортированный список.
Какое условие останавливает рекурсивные вызовы в сортировке слиянием?;Условие 'if len(a_list) > 1' — если длина списка не больше 1, рекурсия прекращается.
Какой результат слияния для left_half=[6] и right_half=[3]?;Отсортированный список [3, 6].
Что вычисляет выражение 'left_half[left_ind] <= right_half[right_ind]'?;"Сравнивает текущие элементы двух списков; если True, элемент из left_half помещается в a_list."
Что делает код 'while left_ind < len(left_half):' после основного цикла?;Добавляет оставшиеся элементы из left_half в a_list, если они есть.
Что такое сортировка данных?;Упорядочение данных определенным образом.
Как работает пузырьковая сортировка?;Перебираете список чисел, сравнивая каждое число с последующим, и переставляете их, если они идут не по порядку.
Что означает 'устойчивая сортировка'?;Это сортировка, которая сохраняет относительный порядок равных элементов.
Какая временная сложность сортировки слиянием?;О(n * log n).
Почему сортировка слиянием имеет сложность O(n * log n)?;Разделение списка на подсписки логарифмическое, но требуется линейное время для обработки каждого элемента при слиянии.
Какой алгоритм использует Python во встроенных функциях сортировки?;Timsort — гибридный алгоритм, объединяющий сортировку слиянием и вставками.
Какие две встроенные функции сортировки есть в Python?;sorted и sort.
Чем отличается функция sorted от sort?;sorted работает с любым итерируемым объектом и возвращает новый отсортированный список. sort работает только со списками и сортирует на месте, изменяя исходный список.
Какой параметр функции sorted позволяет отсортировать список в убывающем порядке?;reverse=True.
Как с помощью параметра key в sorted отсортировать строки по длине?;Передать key=len, например: sorted(a_list, key=len).
Какой алгоритм лежит в основе Timsort?;Гибрид сортировки слиянием и сортировки вставками.
Приведите пример использования sort для сортировки списка чисел.;"a_list = [1, 8, 10, 33, 4, 103]; a_list.sort(); print(a_list) выведет [1, 4, 8, 10, 33, 103]."
Как в Python отсортировать список строк в алфавитном порядке с помощью sorted?;sorted(a_list) вернет новый список, отсортированный по первой букве.
Что такое 'линейно-логарифмическая' временная сложность?;Это O(n * log n), как у сортировки слиянием.
Какая сортировка не нарушает никакой последовательности, кроме той, которая указана ключом сортировки?;Стабильная сортировка
Какой алгоритм сортировки напоминает сортировку колоды карт?;Сортировка вставками
Какой алгоритм сортировки рекурсивно делит список пополам до одного элемента, а затем соединяет в правильном порядке?;Сортировка слиянием
Какой алгоритм разбивает задачу на подзадачи, пока они не станут простыми для решения?;Алгоритм «разделяй и властвуй»
Какой алгоритм комбинирует несколько алгоритмов для решения одной задачи, выбирая один или переключаясь между ними?;Гибридная сортировка
Как определить, являются ли две строки анаграммами?;"Отсортировать строки после удаления пробелов и приведения к нижнему регистру; если отсортированные версии совпадают, это анаграммы."
Какое время выполнения у алгоритма выявления анаграмм с помощью sorted() в Python?;O(n log n)
Как проверить, является ли строка палиндромом на Python?;Сравнить строку с её реверсированной версией, приведя к нижнему регистру (s1.lower() == s1[::-1].lower()).
Какое время выполнения у базового алгоритма проверки палиндрома?;O(n)
Как найти самую правую цифру в строке с помощью списочного включения в Python?;Использовать списковое включение для отбора цифр, затем взять последний элемент.
